{
  "Gaza": [
    [
      30.514949,
      34.5410156
    ],
    [
      31.330179,
      34.2224121
    ],
    [
      31.6019313,
      34.486084
    ],
    [
      32.1244534,
      34.788208
    ],
    [
      32.1988571,
      34.5684814
    ],
    [
      31.3817788,
      33.4588623
    ],
    [
      29.9216133,
      34.1125488
    ],
    [
      30.514949,
      34.5410156
    ]
  ],
  "Lebanon": [
    [
      32.6116164,
      33.2332445
    ],
    [
      32.1244534,
      34.788208
    ],
    [
      32.9671952,
      34.9749756
    ],
    [
      33.0961436,
      35.1123047
    ],
    [
      33.1237508,
      35.8428955
    ],
    [
      33.8384828,
      36.3867188
    ],
    [
      34.4250361,
      34.6728055
    ],
    [
      32.6116164,
      33.2332445
    ]
  ],
  "Yemen": [
    [
      28.22697,
      31.2890362
    ],
    [
      22.0245456,
      25.0643847
    ],
    [
      21.8614987,
      48.2572966
    ],
    [
      28.381735,
      39.5508865
    ],
    [
      28.22697,
      31.2890362
    ]
  ],
  "Iran": [
    [
      21.8614987,
      48.2572966
    ],
    [
      28.381735,
      39.5508865
    ],
    [
      31.9521622,
      40.3474036
    ],
    [
      32.9902356,
      46.237839
    ],
    [
      21.6574282,
      48.2159704
    ]
  ],
  "North Iran": [
    [
      39.808536,
      44.626603
    ],
    [
      31.9521622,
      40.3474036
    ],
    [
      32.9902356,
      46.237839
    ],
    [
      40.3130432,
      50.3726863
    ],
    [
      39.808536,
      44.626603
    ]
  ]
}