{
  "Gaza": [
    [30.5149490, 34.5410156],
    [31.3301790, 34.2224121],
    [31.6019313, 34.4860840],
    [32.1244534, 34.7882080],
    [32.1988571, 34.5684814],
    [31.3817788, 33.4588623],
    [29.9216133, 34.1125488],
    [30.5149490, 34.5410156]
  ],
  "Lebanon": [
    [32.1988571, 34.5684814],
    [32.1244534, 34.7882080],
    [32.9671952, 34.9749756],
    [33.0961436, 35.1123047],
    [33.1237508, 35.8428955],
    [33.8384828, 36.3867188],
    [33.9980273, 34.8266602],
    [32.1988571, 34.5684814]
  ],
  "Yemen": [
    [30.5149490, 34.5410156],
    [29.9216133, 34.1125488],
    [28.2850333, 35.1068115],
    [30.9870280, 36.2384033],
    [31.1658096, 35.5078125],
    [29.3582395, 34.9035645],
    [30.5149490, 34.5410156]
  ],
  "Iran": [
    [29.2097132, 44.2089844],
    [28.6134594, 47.9223633],
    [33.4497766, 45.9887695],
    [33.2294981, 43.4179688],
    [29.2097132, 44.2089844]
  ],
  "North Iran": [
    [33.2294981, 43.4179688],
    [33.4497766, 45.9887695],
    [40.1788733, 44.1650391],
    [33.1743416, 43.4619141]
  ]
}