{
  "Gaza": [
    [
      34.2711639,
      31.2128015
    ],
    [
      34.3762207,
      31.2996749
    ],
    [
      34.5746613,
      31.5410899
    ],
    [
      34.4902039,
      31.5995919
    ],
    [
      34.2182898,
      31.3272463
    ],
    [
      34.2711639,
      31.2128015
    ]
  ],
  "Lebanon": [
    [
      35.1013184,
      33.0961436
    ],
    [
      35.4954529,
      33.0938426
    ],
    [
      36.6242981,
      34.2015806
    ],
    [
      36.463623,
      34.6365977
    ],
    [
      36.1450195,
      34.6365977
    ],
    [
      35.9726668,
      34.6495906
    ],
    [
      35.599823,
      33.9843637
    ],
    [
      35.4624939,
      33.9000567
    ],
    [
      35.1026917,
      33.0972941
    ],
    [
      35.1013184,
      33.0961436
    ]
  ],
  "Israel": [
    [
      35.1040649,
      33.0926921
    ],
    [
      35.3155518,
      33.1030462
    ],
    [
      35.3704834,
      33.0581695
    ],
    [
      35.4995728,
      33.0926921
    ],
    [
      35.5682373,
      33.2903598
    ],
    [
      35.6217957,
      33.2409847
    ],
    [
      35.6204224,
      33.2742873
    ],
    [
      35.774231,
      33.3362651
    ],
    [
      35.8126831,
      33.3213485
    ],
    [
      35.7769775,
      33.2800278
    ],
    [
      35.8126831,
      33.2490244
    ],
    [
      35.8154297,
      33.2053714
    ],
    [
      35.8387756,
      33.1950293
    ],
    [
      35.8209229,
      33.1133991
    ],
    [
      35.8511353,
      33.1018958
    ],
    [
      35.8909607,
      32.9476062
    ],
    [
      35.8332825,
      32.831135
    ],
    [
      35.7577515,
      32.7445475
    ],
    [
      35.6739807,
      32.7052667
    ],
    [
      35.6726074,
      32.690243
    ],
    [
      35.5984497,
      32.6659687
    ],
    [
      35.6080627,
      32.6497821
    ],
    [
      35.5627441,
      32.6312795
    ],
    [
      35.557251,
      32.514394
    ],
    [
      35.5764771,
      32.4900719
    ],
    [
      35.5503845,
      32.3869198
    ],
    [
      35.4418945,
      32.4089509
    ],
    [
      35.4089355,
      32.4402491
    ],
    [
      35.4185486,
      32.463426
    ],
    [
      35.4034424,
      32.5016547
    ],
    [
      35.3361511,
      32.521342
    ],
    [
      35.2963257,
      32.5109198
    ],
    [
      35.222168,
      32.550286
    ],
    [
      35.0765991,
      32.4645846
    ],
    [
      35.0395203,
      32.382281
    ],
    [
      35.0106812,
      32.2824887
    ],
    [
      35.0271606,
      32.266233
    ],
    [
      35.0175476,
      32.2244194
    ],
    [
      34.9736023,
      32.197695
    ],
    [
      34.9790955,
      32.1628254
    ],
    [
      34.9969482,
      32.1349201
    ],
    [
      35.0010681,
      32.1035164
    ],
    [
      35.0079346,
      32.0162272
    ],
    [
      34.9942017,
      31.9638137
    ],
    [
      35.0436401,
      31.9171989
    ],
    [
      35.0354004,
      31.8635625
    ],
    [
      35.0364304,
      31.8612298
    ],
    [
      35.0432968,
      31.857439
    ],
    [
      35.0474167,
      31.8548145
    ],
    [
      35.0505066,
      31.8542313
    ],
    [
      35.0875854,
      31.8542313
    ],
    [
      35.1040649,
      31.8320658
    ],
    [
      35.1411438,
      31.814563
    ],
    [
      35.1809692,
      31.8104785
    ],
    [
      35.1847458,
      31.827107
    ],
    [
      35.2139282,
      31.8192307
    ],
    [
      35.2063751,
      31.8807646
    ],
    [
      35.222168,
      31.8810561
    ],
    [
      35.26474,
      31.8203976
    ],
    [
      35.2606201,
      31.7725427
    ],
    [
      35.2661133,
      31.7433506
    ],
    [
      35.241394,
      31.7106446
    ],
    [
      35.1383972,
      31.7293352
    ],
    [
      35.0422668,
      31.6662395
    ],
    [
      34.9475098,
      31.5843849
    ],
    [
      34.9475098,
      31.5106543
    ],
    [
      34.8925781,
      31.4122563
    ],
    [
      34.9255371,
      31.3419087
    ],
    [
      35.1356506,
      31.3583278
    ],
    [
      35.2304077,
      31.3712266
    ],
    [
      35.3759766,
      31.475524
    ],
    [
      35.415802,
      31.4954328
    ],
    [
      35.4776001,
      31.4966038
    ],
    [
      35.3814697,
      30.9246107
    ],
    [
      35.1905823,
      30.5326937
    ],
    [
      35.1425171,
      30.0702824
    ],
    [
      35.0642395,
      29.8608924
    ],
    [
      34.9763489,
      29.5423983
    ],
    [
      34.9461365,
      29.5471772
    ],
    [
      34.9035645,
      29.491011
    ],
    [
      34.8651123,
      29.598536
    ],
    [
      34.8802185,
      29.6486752
    ],
    [
      34.6508789,
      30.2638118
    ],
    [
      34.6138,
      30.3657661
    ],
    [
      34.5451355,
      30.4155191
    ],
    [
      34.5588684,
      30.4983844
    ],
    [
      34.5162964,
      30.5362423
    ],
    [
      34.5149231,
      30.5989118
    ],
    [
      34.495697,
      30.6804398
    ],
    [
      34.2677307,
      31.2198482
    ],
    [
      34.3721008,
      31.297328
    ],
    [
      34.367981,
      31.3712266
    ],
    [
      34.4544983,
      31.4485819
    ],
    [
      34.4902039,
      31.4802088
    ],
    [
      34.5259094,
      31.5048002
    ],
    [
      34.5547485,
      31.5153373
    ],
    [
      34.5684814,
      31.5352377
    ],
    [
      34.4902039,
      31.5984223
    ],
    [
      34.6083069,
      31.7678726
    ],
    [
      34.7525024,
      32.0499889
    ],
    [
      34.8802185,
      32.4680606
    ],
    [
      34.9543762,
      32.8242111
    ],
    [
      34.981842,
      32.8299811
    ],
    [
      35.0244141,
      32.8045905
    ],
    [
      35.080719,
      32.9038033
    ],
    [
      35.0669861,
      32.918791
    ],
    [
      35.0793457,
      33.0017535
    ],
    [
      35.1013184,
      33.090391
    ]
  ],
  "Yemen": [
    [
      43.3959698,
      12.3400018
    ],
    [
      53.5255025,
      15.7076628
    ],
    [
      51.9433265,
      19.1036483
    ],
    [
      42.0552626,
      17.37161
    ],
    [
      43.3959698,
      12.3400018
    ]
  ],
  "Iran": [
    [
      45.7724254,
      34.9760015
    ],
    [
      48.3837364,
      29.8025179
    ],
    [
      61.667974,
      25.0059727
    ],
    [
      57.0962927,
      38.2381801
    ],
    [
      45.7724254,
      34.9760015
    ]
  ],
  "North Iran": [
    [
      45.8348556,
      34.921971
    ],
    [
      52.6028549,
      36.7388841
    ],
    [
      47.6587046,
      42.9403392
    ],
    [
      43.8352321,
      39.842286
    ],
    [
      45.7724254,
      34.9760015
    ]
  ]
}