{
  "Gaza": [
    [
      31.2128015,
      34.2711639
    ],
    [
      31.2996749,
      34.3762207
    ],
    [
      31.3630185,
      34.365921
    ],
    [
      31.3935021,
      34.3885803
    ],
    [
      31.4128423,
      34.4112396
    ],
    [
      31.4649824,
      34.4737244
    ],
    [
      31.4989457,
      34.5135498
    ],
    [
      31.5188495,
      34.5574951
    ],
    [
      31.5410899,
      34.5746613
    ],
    [
      31.5995919,
      34.4902039
    ],
    [
      31.5247027,
      34.4338989
    ],
    [
      31.4427238,
      34.3528748
    ],
    [
      31.3278329,
      34.226532
    ],
    [
      31.2198482,
      34.269104
    ],
    [
      31.2128015,
      34.2711639
    ]
  ],
  "Lebanon": [
    [
      33.0961436,
      35.1013184
    ],
    [
      33.105347,
      35.3141785
    ],
    [
      33.077734,
      35.340271
    ],
    [
      33.0524144,
      35.3787231
    ],
    [
      33.0938426,
      35.4954529
    ],
    [
      33.2903598,
      35.5682373
    ],
    [
      33.2455789,
      35.6245422
    ],
    [
      33.271991,
      35.6217957
    ],
    [
      33.3374124,
      35.7783508
    ],
    [
      33.4990334,
      35.9568787
    ],
    [
      33.5310925,
      35.9417725
    ],
    [
      33.5391054,
      35.9953308
    ],
    [
      33.5825912,
      36.0571289
    ],
    [
      33.6500651,
      35.9335327
    ],
    [
      33.7414708,
      35.9843445
    ],
    [
      33.8282161,
      36.0804749
    ],
    [
      33.8567315,
      36.2576294
    ],
    [
      33.8362014,
      36.3235474
    ],
    [
      33.8327792,
      36.3908386
    ],
    [
      33.8818172,
      36.3592529
    ],
    [
      33.8818172,
      36.3180542
    ],
    [
      33.9148735,
      36.2782288
    ],
    [
      33.9946116,
      36.3427734
    ],
    [
      34.0617614,
      36.4361572
    ],
    [
      34.0481081,
      36.4608765
    ],
    [
      34.066312,
      36.5075684
    ],
    [
      34.0970221,
      36.5144348
    ],
    [
      34.2015806,
      36.6242981
    ],
    [
      34.2356477,
      36.595459
    ],
    [
      34.2731057,
      36.5844727
    ],
    [
      34.3082782,
      36.6023254
    ],
    [
      34.3298283,
      36.5597534
    ],
    [
      34.3706449,
      36.529541
    ],
    [
      34.4046436,
      36.5652466
    ],
    [
      34.500898,
      36.4526367
    ],
    [
      34.5020298,
      36.3441467
    ],
    [
      34.5223986,
      36.3331604
    ],
    [
      34.5574665,
      36.411438
    ],
    [
      34.6049543,
      36.4086914
    ],
    [
      34.5879975,
      36.4581299
    ],
    [
      34.6365977,
      36.463623
    ],
    [
      34.6388575,
      36.3757324
    ],
    [
      34.6851695,
      36.3468933
    ],
    [
      34.6840402,
      36.3249207
    ],
    [
      34.6716174,
      36.3015747
    ],
    [
      34.630948,
      36.293335
    ],
    [
      34.6365977,
      36.1450195
    ],
    [
      34.630948,
      36.0461426
    ],
    [
      34.6490258,
      35.9884644
    ],
    [
      34.6354678,
      35.9761047
    ],
    [
      34.5574665,
      35.9870911
    ],
    [
      34.479392,
      35.9184265
    ],
    [
      34.4624096,
      35.8126831
    ],
    [
      34.4080427,
      35.8113098
    ],
    [
      34.3763123,
      35.7385254
    ],
    [
      34.3139498,
      35.7151794
    ],
    [
      34.3094126,
      35.6767273
    ],
    [
      34.1606818,
      35.6314087
    ],
    [
      34.128858,
      35.6396484
    ],
    [
      34.0845119,
      35.642395
    ],
    [
      34.0390047,
      35.6245422
    ],
    [
      33.9991658,
      35.6451416
    ],
    [
      33.9843637,
      35.599823
    ],
    [
      33.9182924,
      35.5709839
    ],
    [
      33.9000567,
      35.4624939
    ],
    [
      33.8304977,
      35.4734802
    ],
    [
      33.7300504,
      35.4405212
    ],
    [
      33.6226245,
      35.3979492
    ],
    [
      33.5150644,
      35.3430176
    ],
    [
      33.453214,
      35.2853394
    ],
    [
      33.3385597,
      35.2386475
    ],
    [
      33.2765835,
      35.1919556
    ],
    [
      33.2375389,
      35.2098083
    ],
    [
      33.181238,
      35.1850891
    ],
    [
      33.0972941,
      35.1026917
    ]
  ],